순위,책제목,저자,출판사
1,유지만 다이어트 레시피,유지만 저,길벗
2,혼모노,성해나 저,창비
3,"첫 여름, 완주",김금희 저,무제
4,청춘의 독서,유시민 저,웅진지식하우스
5,우리의 낙원에서 만나자,하태완 저,북로망스
6,단 한 번의 삶,김영하 저,복복서가
7,안녕이라 그랬어,김애란 저,문학동네
8,이재명 자서전,"이재명, 스토리텔링콘텐츠연구소 저",아시아
9,소년이 온다,한강 저,창비
10,어른의 품격을 채우는 100일 필사 노트,김종원 저,청림Life
11,어른의 행복은 조용하다,태수 저,페이지2북스
12,모순,양귀자 저,쓰다
13,"2025 큰별쌤 최태성의 별별한국사 한국사능력검정시험 심화(1,2,3급) 상",최태성 저,이투스북
14,"혹시, 돈 얘기해도 될까요?",주언규 저,필름
15,"2025 큰별쌤 최태성의 별별한국사 한국사능력검정시험 심화(1,2,3급) 하",최태성 저,이투스북
16,작은 땅의 야수들,김주혜 저/박소현 역,다산책방
17,미술관에 간 할미,할미 저,더퀘스트
18,급류,정대건 저,민음사
19,ETS 토익 정기시험 기출문제집 1000 Vol. 4 RC,ETS 저,YBM(와이비엠)
20,위버멘쉬,프리드리히 니체 저,떠오름
21,워런 버핏 웨이,로버트 해그스트롬 저/신용우 역,상상스퀘어
22,왓츠 유어 드림,사이먼 스큅 저/최인하 역,북파머스
23,초역 부처의 말,코이케 류노스케 저/박재현 역,포레스트북스
24,마침내 특이점이 시작된다,레이 커즈와일 저/이충호 역/장대익 감수,비즈니스북스
25,같이 읽자는 고백,김소영 저,이야기장수
26,ETS 토익 정기시험 기출문제집 1000 Vol. 4 LC,ETS 저,YBM(와이비엠)
27,처음 읽는 그리스 로마 신화 13,최설희 글/한현동 그림/정수영 편,미래엔아이세움
28,듀얼 브레인,이선 몰릭 저/신동숙 역,상상스퀘어
29,빅 사이클,레이 달리오 저/조용빈 역,한빛비즈
30,쇼펜하우어 인생수업 : 한 번뿐인 삶 이렇게 살아라 (리커버 에디션),쇼펜하우어 저 / 김지민 편,하이스트
31,결국 국민이 합니다,이재명 저,오마이북
32,엄마의 말 연습,윤지영 저,카시오페아
33,원피스 ONE PIECE 111,오다 에이이치로 글그림,대원
34,고전이 답했다 마땅히 가져야 할 부에 대하여,고명환 저,라곰
35,스토너,존 윌리엄스 저/김승욱 역,알에이치코리아(RHK)
36,해커스 토익 기출 VOCA (보카),David Cho 저,해커스어학연구소
37,멜로우TV 3 : 멜싹오싹 위험한 미션,멜로우 TV 원저/한바리 글/차차 그림,학산문화사(단행본)
38,묘식당의 신박한 가정간편식,이용경(유튜버 묘식당) 저,황금부엉이
39,소설판 사카모토 데이즈 : 킬러들의 블루스,미사키 렌카 저/스즈키 유우토 원저,대원
40,일과 성공의 길을 묻다,마쓰시타 고노스케 저/김정환 역,지니의서재
41,넥서스,유발 하라리 저/김명주 역,김영사
42,마법천자문 67,알에스미디어 글/정수영 그림/강용철 감수,아울북
43,하루 한 장 나의 어휘력을 위한 필사 노트,유선경 저,위즈덤하우스
44,믿을 구석 The Last Resort,"김멜라, 김복희, 김이설, 박정민, 박참새 저 외 9명
                                        
정보 더 보기/감추기



김멜라
김복희
김이설
박정민
박참새
손원평
오은
조예은
천선란
황인찬
김정아
배유진
전인범
이해인",서울국제도서전
45,스파이 패밀리 Spy Family 15,엔도 타츠야 글그림,학산문화사
46,물질의 세계,에드 콘웨이 저/이종인 역,인플루엔셜
47,채식주의자,한강 저,창비
48,역사의 시선,전우용 저,삼인
49,작별하지 않는다,한강 저,문학동네
50,빛과 실,한강 저,문학과지성사
51,행복한 철학자,우애령 저/펀자이씨(엄유진) 그림,하늘재
52,순간을 달리는 할머니 1,펀자이씨(엄유진) 글그림,문학동네
53,에그박사 15,에그박사 원저/박송이 글/홍종현 그림/주세종 감수,미래엔아이세움
54,불멸의 유전자,리처드 도킨스 저/야나 렌조바 그림/이한음 역,을유문화사
55,스위치온 다이어트 레시피북,"박용우, 김영아 저",루미너스
56,그릿 GRIT,김주환 저,인플루엔셜
57,저속노화 마인드셋,정희원 저,웨일북
58,맞춤법 천재라면,"박정란, 서재인 글/김기수 그림",슈크림북
59,흔한남매 19,흔한남매 원저/백난도 글/유난희 그림/흔한컴퍼니 감수,미래엔아이세움
60,괴수 8호 RELAX 2,마츠모토 나오야 원저/Kizuku Watanabe 글그림/유유리 역,서울미디어코믹스(서울문화사)
61,순간을 달리는 할머니 2,펀자이씨(엄유진) 글그림,문학동네
62,"2025 큰별쌤 최태성의 별별한국사 기출 500제 한국사능력검정시험 심화(1,2,3급)",최태성 저,이투스북
63,료의 생각 없는 생각,료 저,열림원
64,부의 전략 수업,폴 포돌스키 저/고영훈 역,필름
65,데일 카네기 인간관계론 (50만부 돌파 초판 무삭제 완역본),데일 카네기 저/임상훈 역,현대지성
66,설민석의 한국사 대모험 33,"설민석, 남이담 글/정현희 그림/강석화 감수",단꿈아이
67,마음의 기술,"안-엘렌 클레르, 뱅상 트리부 저/구영옥 역",상상스퀘어
68,밤새들의 도시,김주혜 저/김보람 역,다산책방
69,퓨처 셀프 30만 부 기념 스페셜 에디션,벤저민 하디 저/최은아 역,상상스퀘어
70,이로운 보수 의로운 진보,"최강욱, 최강혁 저",한겨레출판
71,이기적 유전자 The Selfish Gene,"리처드 도킨스 저/홍영남, 이상임 역",을유문화사
72,홍학의 자리,정해연 저,엘릭시르
73,서랍에 저녁을 넣어 두었다,한강 저,문학과지성사
74,해커스 일본어 첫걸음 : 일본어 기초 20일 독학 완성!,해커스 일본어연구소 저,해커스어학연구소
75,긴긴밤,루리 글그림,문학동네
76,세이노의 가르침,세이노(SayNo) 저,데이원
77,미지의 서울 대본집 세트,이강 저,BIRDBOX(버드박스)
78,세상을 움직이는 놀라운 화학,"표트르 발치트, 마리아 샤라포바 저/리사 카진스카야 그림/이경아 역/이황기 감수",미디어숲
79,너에게 들려주는 단단한 말,김종원 저,퍼스트펭귄
80,토마토 컵라면,차정은 저,BOOKK(부크크)
81,사과 세탁소 1 : 못 말리는 첫 직원,박보영 글/심보영 그림,한빛에듀
82,부동산 투자 황금 로드맵,김원철 저,다산북스
83,의사 어벤저스 22,고희정 글/조승연 그림/류정민 감수,가나출판사
84,내가 나라서 정말 좋아,김지훤 글/하꼬방 그림,길벗
85,여름 피치 스파클링,차정은 저,다이브
86,코스모스,칼 에드워드 세이건 저/홍승수 역,사이언스북스
87,메리골드 마음 식물원 (아틀리에 컬렉션),윤정은 저,북로망스
88,니체 인생수업 : 니체가 세상에 남긴 66가지 인생지혜 (리커버 에디션),프리드리히 니체 저 / 김지민 역,하이스트
89,푸른 상자 18 더블특전판,코우지 미우라 글그림,학산문화사
90,파과 (리커버),구병모 저,위즈덤하우스
91,빨간내복야코 국어 3 : 어휘 절대 안 틀리는 책,빨간내복야코 원저/박종은 글/이영아 그림/샌드박스 네트워크 감수,위즈덤하우스
92,김재우의 기초 영어회화 100,김재우 저,상상스퀘어
93,돈의 심리학 (30만 부 기념 스페셜 에디션),모건 하우절 저/이지연 역,인플루엔셜
94,질문의 격,유선경 저,앤의서재
95,200만 원으로 시작하는 부동산 경매투자,"곽상빈, 묘지부자(윤준섭) 저",동아엠앤비
96,나는 월급쟁이 배당 부자가 되었다,환상감자(이은호) 저,길벗
97,2025 제16회 젊은작가상 수상작품집,"백온유, 강보라, 서장원, 성해나, 성혜령 저 외 2명
                                        
정보 더 보기/감추기



백온유
강보라
서장원
성해나
성혜령
이희주
현호정",문학동네
98,어서 오세요 실력지상주의 교실에 2학년 편 12.5,키누가사 쇼고 저/토모세 슌사쿠 그림/조민정 역,소미미디어
99,인생을 바꾸는 이메일 쓰기,이슬아 저,이야기장수
100,마흔에 읽는 쇼펜하우어,강용수 저,유노북스
101,단 3개의 미국 ETF로 은퇴하라,김지훈(포메뽀꼬) 저,리더스북
102,경험의 멸종,크리스틴 로젠 저/이영래 역,어크로스
103,코믹 블루록 32 한정판,카네시로 무네유키 원저/노무라 유스케 글그림,학산문화사
104,샤워젤과 소다수,고선경 저,문학동네
105,인간 실격,다자이 오사무 저,민음사
106,해커스 토익 RC Reading(리딩) 기본서,David Cho 저,해커스어학연구소
107,이재명의 나의 소년공 다이어리,"이재명, 조정미 저",팬덤북스
108,우리가 타인을 마주할 때,아돌프 크니게 저/박상미 역,저녁달
109,괴수 8호 15 트리플특장판,마츠모토 나오야 글그림/유유리 역,서울미디어코믹스(서울문화사)
110,윤슬의 바다,백은별 저,바른북스
111,타키 포오 코믹 어드벤처 8,캐릭온TV 원저 / 안도감 글 / 김규태 그림,대원씨아이(단행)(대원키즈)
112,윈드 브레이커 공식 캐릭터북 극비 노트 특장판,니이 사토루 감수,리디
113,사피엔스,유발 하라리 저/조현욱 역/이태수 감수,김영사
114,"마침내, 안녕",유월 저,서사원
115,여름을 한 입 베어 물었더니,이꽃님 저,문학동네
116,해커스 토익 LC Listening(리스닝) 기본서,David Cho 저,해커스어학연구소
117,"그런 날이 있잖아, 불행을 만났다가 잘 헤어진 날",배서영 저,캐스팅북스
118,인생의 연금술,이하영 저,웅진지식하우스
119,만화 나 혼자만 레벨업 14,추공 원저/장성락(REDICE STUDIO) 글그림,디앤씨웹툰비즈
120,어쩌다 좋은 일이 생길지도,요시타케 신스케 글그림/고향옥 역,주니어김영사
121,마음에 힘이 되는 하루 한 문장 영어 필사,위혜정 저,센시오
122,블루 록 -Episode 나기- 6,카네시로 무네유키 원저/산노미야 코타 글그림,학산문화사
123,이처럼 사소한 것들,클레어 키건 저/홍한별 역,다산책방
124,5번 레인,은소홀 저/노인경 그림,문학동네
125,흔한남매 과학 탐험대 14 화학 반응,"흔한남매 원저/김언정, 송은경 글/김덕영 그림/최진수 감수",주니어김영사
126,2025 시대에듀 한국실용글쓰기 실제 기출로 끝내기,"이원근, 김슬옹 편저",시대고시기획 시대교육
127,나는 소망한다 내게 금지된 것을,양귀자 저,쓰다
128,과자 사면 과학 드립니다,정윤선 글/시미씨 그림,풀빛
129,행동은 불안을 이긴다,롭 다이얼 저/박영준 역,서삼독
130,학생회에도 구멍은 있다! 9,무치마로 글그림/옷무 역,소미미디어
131,ETS 토익기출 파트별 VOCA 보카,ETS 저,YBM(와이비엠)
132,단 한 줄만 내 마음에 새긴다고 해도,나민애 저,포레스트북스
133,원수는 백일장에서 만난다 (친필사인본),이승민 글/박정섭 그림,풀빛
134,별에게,안녕달 글그림,창비
135,화가의 사람들,최연욱 저,온더페이지
136,한국형 모멘텀 투자 실전 매매법,이가근 저,메이트북스
137,여름,이디스 워튼 저/김욱동 역,민음사
138,토막 난 우주를 안고서,"김초엽, 천선란, 김혜윤, 청예, 조서월 저",허블
139,2025 투자자산운용사 실제유형 모의고사 + 특별부록 PASSCODE Premium ver 10,유창호 편저,시대고시기획 시대교육
140,인생의 컨닝페이퍼,박종경 저,토네이도
141,초역 부처의 말 필사집,코이케 류노스케 저/박재현 역,포레스트북스
142,행복할 거야 이래도 되나 싶을 정도로,일홍 저,부크럼
143,구의 증명,최진영 저,은행나무
144,28시간에 끝내는 토익스피킹 스타트,"황인기, 시원스쿨어학연구소 저",시원스쿨닷컴
145,스파클,최현진 저,창비
146,초역 채근담,홍자성 저/유키 아코 편/박재현 역,부키
147,영어로 문장 만들기 훈련 1차 임계점,유은하 저,사람in
148,데미안,헤르만 헤세 저/전영애 역,민음사
149,"식탁 위의 권력, 미식 경제학",쑤친 저/김가경 역,이든서재
150,"엔비디아 젠슨 황, 생각하는 기계",스티븐 위트 저/백우진 역,알에이치코리아(RHK)
151,데일 카네기 자기관리론,데일 카네기 저/임상훈 역,현대지성
152,행동하지 않으면 인생은 바뀌지 않는다,브라이언 트레이시 저/정지현 역,현대지성
153,총 균 쇠,재레드 다이아몬드 저/강주헌 역,김영사
154,돈의 속성 400쇄 리커버,김승호 저,스노우폭스북스
155,비전공자도 이해할 수 있는 챗GPT,박상길 저/정진호 그림,비즈니스북스
156,손실은 짧게 수익은 길게,깡토 저,이레미디어
157,환율의 대전환,오건영 저,포레스트북스
158,소설 보다 : 여름 2025,"김지연, 이서아, 함윤이 저",문학과지성사
159,돈의 흐름은 되풀이된다,홍춘욱 저,포르체
160,뿐이 토핑 이유식,정주희 저/이수진 감수,서사원
161,붙잡지 않는 삶,에크하르트 톨레 저/서진 편/루카 역,스노우폭스북스
162,아이의 어휘력을 위한 66일 필사 노트,김종원 글,데이스타
163,살아갈 날들을 위한 괴테의 시,김종원 저,퍼스트펭귄
164,슈뻘맨의 숨은 과학 찾기 6,"슈뻘맨 원저/서후 글/류수형 그림/샌드박스 네트워크, 정재형 감수",미래엔아이세움
165,월급쟁이 강남 내집 마련하기,기필코강남(조동식) 저,지혜로
166,은행의 배신,심영철 저,테라코타
167,1984,조지 오웰 저/정회성 역,민음사
168,싯다르타,헤르만 헤세 저/박병덕 역,민음사
169,고래눈이 내리다,김보영 저,래빗홀
170,내가 나라서 정말 좋아 필사 에디션,김지훤 글/하꼬방 그림,길벗
171,나는 가끔 나와 헤어지고 싶다,김진아 저,도서출판이곳
172,알사탕,백희나 글그림,스토리보울
173,내가 틀릴 수도 있습니다,비욘 나티코 린데블라드 저/토마스 산체스 그림/박미경 역,다산초당
174,자유론,존 스튜어트 밀 저/박문재 역,현대지성
175,칼의 노래,김훈 저,문학동네
176,죽이고 싶은 아이,이꽃님 저,우리학교
177,부글부글 과자 공장,유하은 글/비비 그림,다산어린이
178,적절한 좌절,"김경일, 류한욱 저",저녁달
179,해커스 여행일본어 10분의 기적,해커스 일본어연구소 저,해커스어학연구소
180,자유론,존 스튜어트 밀 저/김만권 역,책세상
181,식탐 해방,저드슨 브루어 저/김보은 역,푸른숲
182,실패를 성공으로 바꾸는 주식투자의 기술,정재호 저,프런트페이지
183,셀럽병사의 비밀,KBS 셀럽병사의 비밀 제작팀 저/이낙준 감수,교보문고
184,최애의 아이 16,아카사카 아카 글/요코야리 멘고 그림,대원
185,시한부,백은별 저,바른북스
186,자본주의,"EBS 〈자본주의〉제작팀, 정지은, 고희정 저/EBS MEDIA 기획",가나출판사
187,똑게육아,로리(김준희) 저,북로스트
188,지극히 사적인 일본,나리카와 아야 저,틈새책방
189,루리 드래곤 3,신도 마사오키 글그림/이루다 역,서울미디어코믹스(서울문화사)
190,2025 문동균 한국사 지방직 대비 실전 봉투모의고사,문동균 편저,에스티유니타스
191,2025 이기적 컴퓨터활용능력 2급 필기+실기 올인원,"홍태성, 박윤정 저",영진닷컴
192,별의 커비 울트라 슈퍼 푸푸푸 히어로 2,아오키 케이&미카마루 글그림/김지영 역,다산어린이
193,어른의 기분 관리법,"손힘찬, 이영탁, 이현정, 승PD, 박은주 저 외 4명
                                        
정보 더 보기/감추기



손힘찬
이영탁
이현정
승PD
박은주
아이릿
이주희
김영미
이민영",어센딩
194,ETS 토익 단기공략 750+ (LC+RC),ETS 저,YBM(와이비엠)
195,이방인,알베르 까뮈 저/김화영 역,민음사
196,내게 남은 스물다섯 번의 계절,슈테판 셰퍼 저/전은경 역,서삼독
197,우린 아직 인터루드에 있어,엘 캐피탄 저,비에이블
198,어서 오세요 실력지상주의 교실에 1학년 편 공식 가이드북 First File,키누가사 쇼고 저 / 토모세 슌사쿠 그림 / 조민정 역,소미미디어
199,설민석의 세계사 대모험 25,"설민석, 김정욱 글/박성일 그림/정혜주 감수",단꿈아이
200,설민석의 삼국지 대모험 22,단꿈아이 글/스튜디오 담 그림/남이담 편,단꿈아이
201,왜 그들만 부자가 되는가,"필립 바구스, 안드레아스 마르크바르트 저/배진아 역",북모먼트
202,대온실 수리 보고서,김금희 저,창비
203,[예스리커버] 행복의 기원,서은국 저,21세기북스
204,불변의 법칙,모건 하우절 저/이수경 역,서삼독
205,제로 투 원 (10주년 기념판),"피터 틸, 블레이크 매스터스 저/이지연 역",한국경제신문사(한경비피)
206,아이가 친구 때문에 울 때,윤지영 저,서교책방
207,요즘 교사를 위한 AI 수업 활용 가이드 with 2022 개정 교육과정,"박진환, 공지훈, 서원진 저",한빛미디어
208,죽이고 싶은 아이 2,이꽃님 저,우리학교
209,참을 수 없는 존재의 가벼움,밀란 쿤데라 저/이재룡 역,민음사
210,신광은 형사법 1개년 +a(최신기출) 최신판례 선택형 OX,신광은 편저,느루
211,야간비행,앙투안 드 생텍쥐페리 저/용경식 역,문학동네
212,그래서 이런 법이 생겼대요,"우리누리 글/신동민 그림/서창효, 서치원 감수",길벗스쿨
213,썰레임 꿈의 악마 1 : 꿈을 파는 가게,썰레임 원저/김언정 글/정수영 그림,학산문화사(단행본)
214,그냥 하는 사람,김한균 저,온포인트
215,해커스 토익 실전 LC+RC 3 (모의고사+해설집),해커스 어학연구소 저,해커스어학연구소
216,내가 한 말을 내가 오해하지 않기로 함,문상훈 저,위너스북
217,달리기를 말할 때 내가 하고 싶은 이야기,무라카미 하루키 저/임홍빈 역,문학사상
218,데일 카네기 내면성장론,데일 카네기 저/이종인 역,현대지성
219,읽으면서 바로 써먹는 어린이 초등 교과 어휘,한날 글그림,파란정원
220,마침내 멸망하는 여름,정 저,BOOKK(부크크)
221,구슬쥬네 공부의 숲,구슬쥬 저,다산에듀
222,한밤중 하트튠 5,이가라시 마사쿠니 글그림,학산문화사
223,정재승의 인간 탐구 보고서 17,정재은 글/김현민 그림/정재승 기획,아울북
224,천 년 집사 백 년 고양이 2,추정경 저,래빗홀
225,히카루가 죽은 여름 6 특별판,모쿠모쿠렌 글그림/송재희 역,디앤씨미디어(D&C미디어)
226,물고기는 존재하지 않는다,룰루 밀러 저/정지인 역,곰출판
227,안녕! 내 친구 코야,작은북 글/오연진 그림,블루래빗
228,희랍어 시간,한강 저,문학동네
229,수박 수영장,안녕달 글그림,창비
230,친구가 상처 줄 때 똑똑하게 나를 지키는 법,이현아 글/서영 그림,한빛에듀
231,2025 선재국어 최우선 실전 봉투 모의고사,이선재 편저,수비니겨
232,나는 메트로폴리탄 미술관의 경비원입니다 (20만 부 양장 에디션),"패트릭 브링리 저/김희정, 조현주 역",웅진지식하우스
233,방구석 미술관 3,조원재 저,블랙피쉬
234,카구라바치 5 더블특전판,호카조노 타케루 글그림,대원
235,초등일타과학,이광렬 글,코리아닷컴(Korea.com)
236,세이노의 가르침 100만 부 기념 특별보급판,세이노(SayNo) 저,데이원
237,스토아 철학 영어 필사 101,퍼포먼스 코치 제이 저,넥서스
238,건전지 할머니,"강인숙, 전승배 글그림",창비
239,부자 아빠 가난한 아빠 20주년 특별 기념판,로버트 기요사키 저/안진환 역,민음인
240,노르웨이의 숲,무라카미 하루키 저/양억관 역,민음사
241,신중년 꿈을 이루다,"권미경, 우정화, 전재경, 류수정, 신길자 저 외 13명
                                        
정보 더 보기/감추기



권미경
우정화
전재경
류수정
신길자
장윤실
김민옥
김민균
이혜영
이주연
민소라
노경연
경혜화
조미란
정수경
전찬경
이현정
문경아",커리어컨설팅
242,임신 출산 육아 대백과 최신개정판,편집부 저,삼성출판사
243,내면소통,김주환 저,인플루엔셜
244,백년허리2 치료편,정선근 저,언탱글링
245,어린 왕자 오리지널 초판본,앙투안 드 생텍쥐페리 저/변광배 해설/김수영 역,코너스톤(도서)
246,페인트,이희영 저,창비
247,2025 신용한 행정학 실전과 가장 유사한 지방직 9급 모의고사,"신용한, 신용한행정학연구소 저",메가공무원(넥스트스터디)
248,히카루가 죽은 여름 6,모쿠모쿠렌 글그림/송재희 역,디앤씨미디어(D&C미디어)
249,만화로 보는 1분 철학 관계수업,서정욱 저,중앙북스(books)
250,어른의 기분 관리법 : 심리학편,"손힘찬, 박용남 저",어센딩
251,길 위의 뇌,정세희 저,한스미디어
252,착! 붙는 일본어 독학 첫걸음,일본어 공부기술연구소 저,시사일본어사
253,한 권으로 끝내는 해커스 토익 700+ (LC+RC+VOCA),해커스 어학연구소 저,해커스어학연구소
254,산 루이스 레이의 다리,손턴 와일더 저/신형철 해제/정해영 역,클레이하우스
255,침묵의 퍼레이드,히가시노 게이고 저/김난주 역,재인
256,일의 감각,조수용 저,레퍼런스 바이 비(REFERENCE by B)
257,독학으로 끝내는 공기업 NCS 통합기본서 (PSAT형+모듈형+피듈형),"길잡이연구소, 애드투북스 편저",애드투북스
258,오역하는 말들,황석희 저,북다
259,쓸 만한 인간,박정민 저,상상출판
260,더 나은 어휘를 쓰고 싶은 당신을 위한 필사책,이주윤 저,빅피시
261,동사×전치사 도감,권은희 저,길벗이지톡
262,줬으면 그만이지,김주완 저,피플파워
263,그릿 (50만 부 판매 기념 리커버 골드에디션),앤절라 더크워스 저/김미정 역,비즈니스북스
264,"다시, 몸으로","김초엽, 저우원, 김청귤, 청징보, 천선란 저 외 2명
                                        
정보 더 보기/감추기



김초엽
저우원
김청귤
청징보
천선란
왕칸위
김이삭",래빗홀
265,"내가 연인이 될 수 있을 리 없잖아, 무리무리! (※무리가 아니었다?!) 7",미카미 테렌 저/타케시마 에쿠 그림/정백송 역,소미미디어
266,화장품은 한국이 1등입니다,박종대 저,경향비피
267,박태웅의 AI 강의 2025,박태웅 저,한빛비즈
268,순례 주택,유은실 저,비룡소
269,슈퍼 히어로의 방귀 작전,안영은 글/김유대 그림,주니어김영사
270,나츠메 우인장 31,미도리카와 유키 글그림,학산문화사
271,부서지는 아이들,애비게일 슈라이어 저/이수경 역,웅진지식하우스
272,아몬드 (청소년판),손원평 저,다즐링
273,위대한 개츠비,F. 스콧 피츠제럴드 저/김욱동 역,민음사
274,결핍은 우리를 어떻게 변화시키는가,"센딜 멀레이너선, 엘다 샤퍼 저/이경식 역",빌리버튼
275,무적 이순신 6,"박지연, 박한 글/정수영 그림/이익주 감수",아울북
276,황현필의 진보를 위한 역사,황현필 저,역바연
277,내가 원하는 것을 나도 모를 때,전승환 저,북로망스
278,삐뽀삐뽀 119 이유식,하정훈 저,유니책방
279,"책문, 이 시대가 묻는다",김태완 저,현자의마을
280,이재명 평전,방현석 저,아시아
281,3000개 다른그림찾기,편집부 저,한빛에듀
282,Go Go 카카오프렌즈 36 포르투갈,김미영 글/김정한 그림,아울북
283,장돌이네 떡집,김리리 글/김이랑 그림,비룡소
284,엄마 도감,권정민 글그림,웅진주니어
285,오만과 편견,제인 오스틴 저,민음사
286,나는 왜 아무것도 하기 싫을까,배종빈 저,포레스트북스
287,2025 EBS 물류관리사 단기완성,"전표훈, 변달수 편저",신지원
288,낭만 강아지 봉봉 8,홍민정 글/김무연 그림,다산어린이
289,한 권으로 끝내는 해커스 토익 800+ (LC+RC+VOCA),해커스 어학연구소 저,해커스어학연구소
290,쇼펜하우어 인생수업 2 : 한 번뿐인 삶 이렇게 살아라,쇼펜하우어 저 / 김지민 편,하이스트
291,2025 써니 행정법총론 봉투모의고사 (4회),박준철 편저,제이씨에듀
292,만화로 보는 3분 철학 세트,김재훈 글그림/서정욱 글,카시오페아
293,소년과 두더지와 여우와 말,찰리 맥커시 글그림/이진경 역,상상의힘
294,아주 작은 습관의 힘,제임스 클리어 저/이한이 역,비즈니스북스
295,원씽 THE ONE THING,"게리 켈러, 제이 파파산 저/구세희 역",비즈니스북스
296,무의식은 어떻게 나를 설계하는가,데이비드 이글먼 저/김승욱 역,알에이치코리아(RHK)
297,세상의 마지막 기차역,무라세 다케시 저/김지연 역,모모
298,"입어주세요, 타카미네 양 9",히이라기 유이치 글그림/옷무 역,소미미디어
299,조개껍데기를 찾으면,에이미 시쿠로 글그림/서남희 역,FIKAJUNIOR(피카주니어)
300,찍히지 않습니다 1,코노시마 루카 글그림/심희정 역,소미미디어
301,어린이를 위한 철학자의 말,김종원 글,윌마
302,김재우의 영어회화 100,김재우 저,상상스퀘어
303,해커스 JLPT(일본어능력시험)기출단어장 N5-N3,해커스 JLPT 연구소 저,해커스어학연구소
304,거꾸로 읽는 세계사,유시민 저,돌베개
305,탁월하게 서글픈 자의식,박참새 저,마음산책
306,함께 가는 길은 외롭지 않습니다 (당선 기념 리커버 에디션),이재명 저,위즈덤하우스
307,천 개의 파랑,천선란 저,허블
308,고백해도 되는 타이밍,황영미 저,우리학교
309,영어가 바로 터지는 기적의 말하기 영단어 1000,이시원 저,시원스쿨닷컴
310,바움가트너,폴 오스터 저/정영목 역,열린책들
311,긴키 지방의 어느 장소에 대하여,세스지 저/전선영 역,반타
312,불안 세대,조너선 하이트 저/이충호 역,웅진지식하우스
313,마당을 나온 암탉,황선미 저/김환영 그림,사계절
314,ETS 토익 단기공략 850+ (LC+RC),ETS 저,YBM(와이비엠)
315,오닉스 스톰 1,레베카 야로스 저/이수현 역,북폴리오
316,미움받을 용기 (200만 부 기념 스페셜 에디션),"기시미 이치로, 고가 후미타케 저/전경아 역/김정운 감수",인플루엔셜
317,코믹 블루록 32,카네시로 무네유키 원저/노무라 유스케 글그림,학산문화사
318,코미 양은 커뮤증입니다 31,오다 토모히토 글그림/박경용 역,소미미디어
319,흰,한강 저,문학동네
320,그녀를 지키다,장바티스트 앙드레아 저/정혜용 역,열린책들
321,2025 이지패스 ADsP 데이터분석 준전문가,"전용문, 박현민 저",위키북스
322,너를 미워할 시간에 나를 사랑하기로 했다,윤서진 저,스몰빅라이프
323,최소한의 한국사,최태성 저,프런트페이지
324,진짜 쓰는 실무 엑셀,전진권 저,제이펍
325,세계를 건너 너에게 갈게,이꽃님 저,문학동네
326,당신의 이름을 지어다가 며칠은 먹었다,박준 저,문학동네
327,이게 되네? 챗GPT 미친 활용법 71제,오힘찬 저,골든래빗
328,패배 히로인이 너무 많아! SSS,아마모리 타키비 저/이미기무루 그림/김민준 역,데이즈엔터
329,저스트 지저스 : 오직 예수,브라이언 박 저,규장
330,만화로 읽으면 안 어려운 천문학,이즐라 저/지웅배 감수,더숲
331,된다! 조회수 터지는 유튜브 쇼츠 만들기,최지영 저,이지스퍼블리싱
332,2025 이기적 컴퓨터활용능력 1급 필기+실기 올인원,"홍태성, 박윤정 저",영진닷컴
333,좋은 일이 오려고 그러나 보다 (리커버판),박여름 저,히읏
334,JLPT(일본어능력시험) 한권으로 끝내기 N3,"이치우, 기타지마 치즈코 저",다락원
335,전설로 떠나는 월가의 영웅,"피터 린치, 존 로스차일드 저/이건 역/홍진채 감수",국일증권경제연구소
336,눈물을 마시는 새 세트,이영도 저,황금가지
337,매듭의 끝,정해연 저,현대문학
338,원 모어,유승민 저,인북
339,하종화 계리직 우편·예금·보험일 파이널 동형 모의고사 5회차,하종화 편저,오스틴북스
340,김전일 37세의 사건부 18,아기 타다시 글/사토 후미야 그림,서울미디어코믹스(서울문화사)
341,켄 피셔 불변의 차트 90,켄 피셔 저/김중근 역,한국경제신문
342,"나태주, 시간의 쉼표",나태주 글그림,서울문화사
343,지적 대화를 위한 넓고 얕은 지식 1,채사장 저,웨일북
344,난 예술이야,미사 글그림,페이퍼독
345,비스킷 2,김선미 저,위즈덤하우스
346,내면소통 명상수업,김주환 저,인플루엔셜
347,시계토끼 기본 토익스피킹,Jenny Cha 저,시계토끼
348,포스 윙,레베카 야로스 저/이수현 역,북폴리오
349,요리를 한다는 것,최강록 저,클
350,치유의 빛,강화길 저,은행나무
351,제철 행복,김신지 저,인플루엔셜
352,갤럭시아스 GALAXIAS 2,하테사카 아오 글그림,서울미디어코믹스(서울문화사)
353,친구 자판기,조경희 글그림,노란돼지
354,잠자고 싶은 토끼,칼-요한 포셴 엘린 글/시드니 핸슨 그림/이나미 역,윌마
355,된다! 하루 만에 끝내는 챗GPT 활용법,프롬프트 크리에이터 저,이지스퍼블리싱
356,지적 대화를 위한 넓고 얕은 지식 무한,채사장 저,웨일북
357,찌그러져도 동그라미입니다,김창완 저,웅진지식하우스
358,감정 호텔,리디아 브란코비치 글그림/장미란 역,책읽는곰
359,일본어 무작정 따라하기 완전판,후지이 아사리 저,길벗이지톡
360,꽃을 보듯 너를 본다,나태주 저,지혜
361,이토록 공부가 재미있어지는 순간,박성혁 저,다산북스
362,흔한남매의 흔한 호기심 13,"흔한남매 원저/안치현 글/유난희 그림/이정모, 흔한컴퍼니 감수",미래엔아이세움
363,기울어진 평등,"토마 피케티, 마이클 샌델 저/장경덕 역",와이즈베리
364,"오늘 밤, 세계에서 이 사랑이 사라진다 해도",이치조 미사키 저/권영주 역,모모
365,라키비움J 10호 : 그림책은 집,"전은주, 표유진, 오현수, 이시내, 임서연, 하예라 저",제이포럼
366,더 퍼스트,유나바머 저,위즈덤하우스
367,블랙북,김하연 저,슈크림북
368,해커스 JLPT N3(일본어능력시험) 한권합격,해커스 JLPT 연구소 저,해커스어학연구소
369,처음부터 시작하는 주식투자 단타전략,홍인기 저,길벗
370,해커스 보카 Hackers Vocabulary,David Cho 저,해커스어학연구소
371,2026 써니 행정법총론 행정법으로의 초대,박준철 편저,제이씨에듀
372,아이의 뇌,김붕년 저,포레스트북스
373,아홉 살에 시작하는 똑똑한 초등신문 3,신효원 글,책장속북스
374,이중 하나는 거짓말,김애란 저,문학동네
375,관촌수필,이문구 저,문학과지성사
376,회색 인간,김동식 저,요다
377,삐뽀삐뽀 119 소아과,하정훈 저,유니책방
378,궤도,서맨사 하비 저/송예슬 역,서해문집
379,2026 SO NICE 백소나 소방관계법규 2,백소나 저,더나은
380,오백 년째 열다섯 4,김혜정 저,위즈덤하우스
381,드디어 만나는 경제학 수업,"미셸 케이건, 앨프리드 밀 저/김선영 역",현대지성
382,하우스메이드,프리다 맥파든 저/김은영 역,북플라자
383,불편한 편의점,김호연 저,나무옆의자
384,문병로 교수의 메트릭 스튜디오,문병로 저,김영사
385,월든,헨리 데이비드 소로우 저,은행나무
386,면도날,윌리엄 서머싯 몸 저/안진환 역,민음사
387,진짜 하루만에 이해하는 해운·조선 산업,"김성훈, 엄성희 저",티더블유아이지
388,내 멋대로 빵빵빵빵,김지안 글그림,웅진주니어
389,시든 꽃에 눈물을 1~2 세트,개 글그림,네이버웹툰유한회사
390,괴수 8호 RELAX 1,마츠모토 나오야 원저/Kizuku Watanabe 글그림/유유리 역,서울미디어코믹스(서울문화사)
391,처음 읽는 삼국지 2,이문열 글/한현동 그림/윤종문 편,미래엔아이세움
392,"2025·2026 큰별쌤 최태성의 별별한국사 한국사능력검정시험 기본(4,5,6급)",최태성 저,이투스북
393,백년허리1 진단편,정선근 저,언탱글링
394,타이탄의 도구들 (블랙 에디션),"팀 페리스 저/박선령, 정지현 역",토네이도
395,귀신 저택,미야베 미유키 저/이규원 역,북스피어
396,굿 에너지,"케이시 민스, 캘리 민스 저/김미정 역",한국경제신문
397,고독한 용의자,찬호께이 저/허유영 역,위즈덤하우스
398,예수님의 육성 도마복음,김용옥 저,통나무
399,불안이 사르르 사라지는 그림책,이다랑 글/이시누 그림,길벗
400,그냥 나로 살아도 괜찮아,천하이센 저/박영란 역,더페이지
401,대한민국 마지막 기회가 온다,김태유 저,서울대학교출판문화원
402,부모의 말 수업,힐랄 비릿 저/이은미 역,피카(FIKA)
403,해커스 일본어 첫걸음 히라가나 가타카나 쓰기노트,해커스 일본어연구소 저,해커스어학연구소
404,기분이 태도가 되지 말자,김수현(훈글) 저,하이스트
405,"왜 유명한 거야, 이 그림?",이유리 글/허현경 그림,우리학교
406,자연은 계산하지 않는다,로빈 월 키머러 저/노승영 역,다산북스
407,"큰별쌤 최태성의 별별한국사 시대별 기출문제집 한국사능력검정시험 심화(1,2,3급)",최태성 저,이투스북
408,[예스리커버] 저속노화 식사법,정희원 저,테이스트북스
409,생각에 관한 생각,대니얼 카너먼 저/이창신 역,김영사
410,타키 포오 네버 다이 과학 어드벤처 1 : 우주로 딥 다이브!,캐릭온TV 원저/박시연 글/팀키즈 그림/이명현 감수,대원씨아이(단행)(대원키즈)
411,게으르게 살지만 부자는 되고 싶어,예프리 저,모티브
412,퇴마록 국내편 1,이우혁 저,반타
413,손자병법:세상의 모든 전략과 전술,손무 원저/임용한 편저,교보문고
414,리얼 도쿄,양미석 저,한빛라이프
415,해독 혁명,닥터 라이블리 저,웅진지식하우스
416,빨간내복야코 맞춤법 절대 안 틀리는 책 1,빨간내복야코 원저/박종은 글/이영아 그림/샌드박스 네트워크 감수,위즈덤하우스
417,체리새우 : 비밀글입니다,황영미 저,문학동네
418,누구도 대신 살아 주지 않는다,브라이언 트레이시 저/박선령 역,오픈도어북스
419,마음,나쓰메 소세키 저/장하나 역,성림원북스
420,완벽한 종목 추천,"폴 존슨, 폴 손킨 저/이건, 박성진, 정채진 역",에프엔미디어
421,주술회전 29 더블특장판,아쿠타미 게게 글그림/이정운 역,서울미디어코믹스(서울문화사)
422,마중도 배웅도 없이,박준 저,창비
423,중등 신문 읽기 1 인문 예술,"조찬영, 이지혜 저",가로책길
424,초판본 하늘과 바람과 별과 시,윤동주 저,더스토리
425,식단 혁명,"조지아 에데 저/김성수, 김아라 역",메디치미디어
426,이동 평균선 투자법,고지로 강사 저/김정환 역,이레미디어
427,사랑의 기술,에리히 프롬 저/황문수 역,문예출판사
428,웬만해선 아무렇지 않다,이기호 저,마음산책
429,2025 AI 트렌드 100,Ai100연구소 저,골든래빗
430,CEO의 다이어리,스티븐 바틀렛 저 / 손백희 역,윌북(willbook)
431,화산귀환 10,비가 저,러프미디어
432,2026 문동균 한국사 한 권으로 모든 것을 정리하는 판서노트,문동균 편저,에스티유니타스
433,2025 해커스 LH 한국토지주택공사 NCS+전공 봉투모의고사,해커스 NCS 취업교육연구소 저,해커스잡
434,두선생의 지도로 읽는 세계사 : 동양 편,한영준 저,21세기북스
435,사카모토 홀리데이즈 1,스즈키 유우토 원저/오오카와 테츠 글그림,대원
436,야구×수학,"류선규, 홍석만 저",페이스메이커
437,커서 AI 트렌드&활용백과,서승완 저,스마트북스
438,설민석의 한국사 대모험 32,"설민석, 남이담 글/정현희 그림/강석화 감수",단꿈아이
439,빨간내복야코 맞춤법 절대 안 틀리는 책 2,빨간내복야코 원저/박종은 글/이영아 그림/샌드박스 네트워크 감수,위즈덤하우스
440,구르브 연락 없다,에두아르도 멘도사 저/정창 역,민음사
441,노인과 바다,어네스트 밀러 헤밍웨이 저/김욱동 역,민음사
442,토요일의 심리클럽,김서윤 저 / 김다명 그림,창비
443,브람스를 좋아하세요...,프랑수아즈 사강 저/김남주 역,민음사
444,2026 시나공 컴퓨터활용능력2급 필기 기본서,길벗알앤디 저,길벗
445,To LOVE 투 러브 (트러블) 다크니스 리커버 6,하세미 사키 글/야부키 켄타로 그림,서울미디어코믹스(서울문화사)
446,원펀맨 ONE PUNCH MAN 32,ONE 원저/무라타 유스케 그림,대원
447,부모의 내면이 아이의 세상이 된다,"대니얼 J. 시겔, 메리 하첼 저/신유희 역",페이지2북스
448,원피스 ONE PIECE 110,오다 에이이치로 글그림,대원
449,[예스리커버] 고전이 답했다 마땅히 살아야 할 삶에 대하여,고명환 저,라곰
450,율의 시선,김민서 저,창비
451,몽실 언니,권정생 글/이철수 그림,창비
452,죄와 벌 1,표도르 도스토예프스키 저/김연경 역,민음사
453,책과 노니는 집,이영서 글/김동성 그림,문학동네
454,동물농장,조지 오웰 저/도정일 역,민음사
455,2025 해커스 외환전문역 1종 최종핵심정리문제집,"민영기, 해커스 금융아카데미 편저",해커스금융
456,2025 해커스 투자자산운용사 한권합격 핵심개념+적중문제,"백영, 송현남, 민영기, 조중식, 해커스 금융아카데미 편저",해커스금융
457,ETS 토익 정기시험 기출문제집 1000 Vol.3 LISTENING 리스닝,ETS 저,YBM(와이비엠)
458,악마에 입문했습니다! 이루마 군 if Episode of 마피아(魔fia) 4 특장판,니시 오사무 글그림/이승원 역,서울미디어코믹스(서울문화사)
459,소맥거핀의 인체 친구들 4,"소맥거핀 원저/서후 글/김기수 그림/박상민, 샌드박스 네트워크 감수",위즈덤하우스
460,큰별쌤 최태성의 한국사신문 1 : 선사~통일 신라와 발해,"최태성, 김우람 글/송진욱 그림",아이스크림북스
461,REAL 리얼 16,이노우에 다케히코 글그림,대원
462,부모의 질문력,김종원 저,다산북스
463,빅터 프랭클의 죽음의 수용소에서,빅터 프랭클 저/이시형 역,청아출판사
464,정의란 무엇인가,마이클 샌델 저/김명철 역/김선욱 감수,와이즈베리
465,ETS 토익 정기시험 기출문제집 1000 Vol.3 READING 리딩,ETS 저,YBM(와이비엠)
466,흔한남매 이상한 나라의 고전 읽기 7,최재훈 글/정주연 그림/흔한남매 감수,미래엔아이세움
467,더 화이팅 142,모리카와 죠지 글그림,학산문화사
468,이재명 시대 경제 대예측,매일경제 경제부 저,매일경제신문사
469,2025 심우철 실전 동형 모의고사 Season 4,심우철 저,심슨북스
470,흔한남매 세계사 탐험대 3 로마 제국,"흔한남매 원저/진서, 예지민, 송효림, 김지연 글 외 4명
                                        
정보 더 보기/감추기



흔한남매
진서
예지민
송효림
김지연
팀키즈
최혜영
흔한컴퍼니
전국역사교사모임 세계사 분과",주니어김영사
471,채사장의 지대넓얕 13 : 철학의 두 갈래,"채사장, 마케마케 글/정용환 그림",돌핀북
472,영어로 문장 만들기 훈련 2차 임계점,유은하 저,사람in
473,빅 트레이더의 주도주 매매법,서희파더(이재상) 저,이레미디어
474,비전공자도 이해할 수 있는 AI 지식,박상길 저/정진호 그림,비즈니스북스
475,중등 필독 신문,"이현옥, 이현주 저",체인지업
476,우중괴담,미쓰다 신조 저/현정수 역,북로드
477,너도 하늘말나리야,이금이 저,밤티
478,잘했고 잘하고 있고 잘 될 것이다 (50만 부 기념 전면 개정판),정영욱 저,부크럼
479,슈퍼 히어로의 똥 닦는 법,안영은 글/최미란 그림,책읽는곰
480,아홉 살 마음 사전,박성우 글/김효은 그림,창비
481,시지프 신화,알베르 까뮈 저/김화영 역,민음사
482,푸른 사자 와니니,이현 글/오윤화 그림,창비
483,죄와 벌 2,표도르 도스토예프스키 저/김연경 역,민음사
484,고백,미나토 가나에 저/김선영 역,비채
485,자기 앞의 생,로맹 가리 저/용경식 역,문학동네
486,AI 리터러시 : 인공지능 필수 지식부터 완벽 활용까지,김용성 저,프리렉
487,부의 추월차선 (10주년 스페셜 에디션),엠제이 드마코 저/신소영 역,토트출판사
488,이세계 유유자적 농가 13,나이토 키노스케 저/야스모 그림/JYH 역,데이즈엔터
489,비실비실 선생님 6,후쿠치 카미오 글그림,대원
490,아홉 살 환경 사전,박성우 글/김효은 그림,창비
491,비트코인의 시대,김창익 저,다산북스
492,하우스메이드 2,프리다 맥파든 저/황성연 역,북플라자
493,처음 읽는 삼국지 1,이문열 글/한현동 그림/윤종문 편,미래엔아이세움
494,[예스리커버] 부모의 어휘력 벚꽃 에디션,김종원 저,카시오페아
495,두 사람의 인터내셔널,김기태 저,문학동네
496,히든 픽처스,제이슨 르쿨락 저/유소영 역,문학수첩
497,여행의 이유,김영하 저,복복서가
498,비스킷,김선미 저,위즈덤하우스
499,두고 온 여름,성해나 저,창비
500,프로젝트 헤일메리,앤디 위어 저/강동혁 역,알에이치코리아(RHK)
501,빅터 프랭클의 죽음의 수용소에서,빅터 프랭클 저/이시형 역,청아출판사
502,한 권으로 끝내는 해커스 토익 900+ (LC+RC+VOCA),해커스 어학연구소 저,해커스어학연구소
503,2025 해커스경찰 갓대환 형사법 진도별 문제풀이 1000제 2차 시험 대비,김대환 편저,해커스경찰
504,너를 너무너무너무너무 좋아하는 100명의 그녀 18,나카무라 리키토 글그림,학산문화사
505,2026 심승아 Simple‧Detail 심테일 소방관계법규 2,심승아 저,메가공무원(넥스트스터디)
506,예수 동행 오직 믿음,유기성 저,규장
507,얼굴만으론 좋아할 수 없어요 13,안자이 카린 글그림/이소연 역,서울미디어코믹스(서울문화사)
508,길고양이와 늑대 5 더블특전판,미츠바치 미유키 글그림,학산문화사
509,진짜의 마인드,김찬희(김진짜) 저,터닝페이지
510,타키 포오 얼렁뚱땅 상식스쿨 6,캐릭온TV 원저/김언정 글/조수현 그림/정효해 감수,대원씨아이(단행)(대원키즈)
511,빨간내복야코 어린이 상식 2 사자성어,빨간내복야코 원저/전판교 글/도니패밀리 그림/샌드박스 네트워크 감수,아울북
512,2025 시나공 컴퓨터활용능력1급 필기 기출문제집,길벗알앤디 저,길벗
513,빨모쌤의 라이브 영어회화 (특별 부록 한정판),신용하 저,웅진지식하우스
514,말하고 싶은 비밀,사쿠라 이이요 저/김윤경 역,모모
515,언젠가 우리가 같은 별을 바라본다면,차인표 저,해결책
516,밥을 지어요,김혜경 저,김영사
517,호밀밭의 파수꾼,제롬 데이비드 샐린저 저/정영목 역,민음사
518,화산귀환 8,비가 저,러프미디어
519,"남녀의 우정은 성립할까? (아니, 하지 않아!!) 1",나나나 나나 저/Parum 그림,소미미디어
520,코믹 고블린 슬레이어 외전 : 이어 원 12,카규 쿠모 원저/쿠로세 코우스케 글그림/김성래 역,디앤씨미디어(D&C미디어)
521,‘왜?’라고 묻는 아이들,오현선 글/배선영 그림,한경키즈(한국경제신문)
522,남자를 싫어하는 미인 자매를 이름도 알리지 않고 구해주면 어떻게 될까? 6,묭 저/기우니우 그림/이소정 역,소미미디어
523,2026 이유진 국어 독해 알고리즘 코어,이유진 편저,에스티유니타스
524,공부머리를 역전하는 7가지 진로 공부법,"앤디 림, 윤규훈 저",온더페이지
525,중등 신문 읽기 2 사회 문화,"조찬영, 이지혜 저",가로책길
526,허영만의 주식 타짜 ― 슈퍼개미 이세무사,허영만 글그림,가디언
527,클래식 왜 안 좋아하세요?,권태영(탱로그) 저,빅피시
528,평생 투자자,무라카미 요시아키 저/김정환 역/심혜섭 감수,에프엔미디어
529,부모의 어휘력을 위한 66일 필사 노트,김종원 저,카시오페아
530,이 지랄맞음이 쌓여 축제가 되겠지,조승리 저,달
531,맡겨진 소녀,클레어 키건 저/허진 역,다산책방
532,당신의 세계는 아직도 바다와  빗소리와 작약을 취급하는지,김경미 저,민음사
533,불편한 편의점 2,김호연 저,나무옆의자
534,브로콜리지만 사랑받고 싶어,"별다름, 달다름 글/서영 그림",키다리
535,왜 일하는가,이나모리 가즈오 저/김윤경 역,다산북스
536,어떻게 말해줘야 할까,오은영 저/차상미 그림,김영사
537,지적 대화를 위한 넓고 얕은 지식 2,채사장 저,웨일북
538,용의자 X의 헌신,히가시노 게이고 저/양억관 역,재인
539,[예스리커버] 어린 왕자,앙투안 드 생텍쥐페리 저/황현산 역,열린책들
540,참을 수 없는 존재의 가벼움,밀란 쿤데라 저/이재룡 역,민음사
541,수면의 뇌과학,크리스 윈터 저,현대지성
542,화산귀환 9,비가 저,러프미디어
543,내 감정의 속사정,미즈시마 히로코 저/박미정 역,생각의날개
544,입시를 책임지는 초3 수학 캠프,류승재 저,21세기북스
545,후 Who? special 이재명,비타민 글/팀키즈 그림,다산어린이
546,야무진 고양이는 오늘도 우울 10,야마다 히츠지 글그림/Leigh 역,소미미디어
547,메뉴판 해석학: 일본편,배상준 저,애플북스
548,이재명의 굽은 팔,이재명 저,김영사
549,알트코인으로 졸업합니다,김동환 저,국일증권경제연구소
550,수능을 좌우하는 중학 국어 공부법,김민정 저,노르웨이숲
551,도시문헌학자 김시덕의 강남,김시덕 저,인플루엔셜
552,80대20 러닝 훈련법,맷 피츠제럴드 저/최보배 역,빌리버튼
553,이어령의 말,이어령 저,세계사
554,백년목2 치료편,정선근 저,언탱글링
555,내가 본 미래,타츠키 료 글그림/전경아 역,도토리
556,레버리지,롭 무어 저/김유미 역,다산북스
557,나는 오래된 거리처럼 너를 사랑하고,진은영 저,문학과지성사
558,초역 니체의 말,프리드리히 니체 저/시라토리 하루히코 편/박재현 역,삼호미디어
559,사피엔스 : 그래픽 히스토리 Vol.1,유발 하라리 원저/다니엘 카사나브 그림/다비드 반데르묄렝 편/김명주 역,김영사
560,할머니의 용궁 여행,권민조 글그림,천개의바람
561,어떻게 민주주의는 무너지는가,"스티븐 레비츠키, 대니얼 지블랫 저/박세연 역",어크로스
562,패권의 비밀,"김태유, 김대륜 저",서울대학교출판문화원
563,2025 써니 행정법총론 실전동형 모의고사,박준철 편저,에스티유니타스
564,트럼프 시대의 지정학과 비트코인,오태민 저,거인의정원
565,2025 시나공 컴퓨터활용능력 2급 필기 기출문제집,길벗알앤디 저,길벗
566,한석준의 대화의 기술,한석준 저,인플루엔셜
567,방구석 미술관,조원재 저,블랙피쉬
568,부덕의 길드 14,카와조에 타이치 글그림,학산문화사
569,봄의 폭풍과 몬스터 6,미츠바치 미유키 글그림,학산문화사
570,그물에 걸린 무지개 물고기,마르쿠스 피스터 저/김영진 역,시공주니어
571,더 코워커,프리다 맥파든 저/최주원 역,해피북스투유
572,"네 꿈을 응원해, 권투 장갑!",유설화 글그림,책읽는곰
573,공간 인간,유현준 저,을유문화사
574,이호선의 나이 들수록 : 관계편,이호선 저,은행나무
575,어느 날 문이 사라졌다,김은영 글/메 그림,문학동네
576,흔한남매 18,흔한남매 원저/백난도 글/유난희 그림/흔한컴퍼니 감수,미래엔아이세움
577,조혜련의 잘 보이는 성경이야기,조혜련 저,오제이엔터스컴
578,AI 2025 트렌드&활용백과,김덕진 저,스마트북스
579,파리대왕,윌리엄 골딩 저/이덕형 역,문예출판사
580,ETS 토익 단기공략 950+ (LC+RC),ETS 저,YBM(와이비엠)
581,2025 에듀윌 고졸 검정고시 핵심총정리,"김지상, 최주연, 양준성, 이재은, 김샛별 저 외 2명
                                        
정보 더 보기/감추기



김지상
최주연
양준성
이재은
김샛별
신형철
나하율",에듀윌
582,김재우의 구동사 100,김재우 저,상상스퀘어
583,기억 전달자,로이스 라우리 저/장은수 역,비룡소
584,경제신문이 말하지 않는 경제 이야기,임주영 저,민들레북
585,대화의 정석,정흥수(흥버튼) 저,피카(FIKA)
586,나의 라임 오렌지나무,J.M. 바스콘셀로스 저,동녘
587,내 마음 ㅅㅅㅎ,김지영 글그림,사계절
588,달과 6펜스,윌리엄 서머싯 몸 저,민음사
589,현자의 제자를 자칭하는 현자 21,류센 히로츠구 저/후지초코 그림/정대식 역,소미미디어
590,똑게육아 올인원,로리(김준희) 저,북로스트
591,영원의 여름,운 저,BOOKK(부크크)
592,신기한 맛 도깨비 식당 9,"김용세, 김병섭 글/센개 그림",꿈터
593,대통령 윤석열 탄핵 사건 선고 결정문,헌법재판소 저,더휴먼
594,초등 필수 고전 인문학 수업,임성훈 글,피카(FIKA)
595,"다시, 공부머리 독서법",최승필 저,책구루
596,2025 위포트 공기업 NCS 통합기본서 (PSAT형+모듈형+피듈형+실전 모의고사),위포트 연구소 저,위포트
597,루리 드래곤 2,신도 마사오키 글그림/유유리 역,서울미디어코믹스(서울문화사)
598,시간 유전자,김혜정 글/인디고 그림,라임
599,멜로우TV 1 : 멜랑뚱땅 타워 탈출기,멜로우 TV 원저/한바리 글/차차 그림,학산문화사(단행본)
600,사피엔스 : 그래픽 히스토리 Vol.3 역사의 배후,유발 하라리 저/다니엘 카사나브 그림/김명주 역,김영사
601,용선생 교과서 세계사 2,"사회평론 역사연구소, 송용운, 김언진, 길병민, 한승준 글 외 5명
                                        
정보 더 보기/감추기



사회평론 역사연구소
송용운
김언진
길병민
한승준
김보미
정엄지
뭉선생
이우일
전국초등사회교과모임",사회평론
602,용선생 교과서 세계사 1,"사회평론 역사연구소, 송용운, 김언진, 길병민, 한승준 글 외 5명
                                        
정보 더 보기/감추기



사회평론 역사연구소
송용운
김언진
길병민
한승준
김보미
정엄지
뭉선생
이우일
전국초등사회교과모임",사회평론
603,Do it! 점프 투 파이썬,박응용 저,이지스퍼블리싱
604,물어보기 부끄러워 묻지 못한 부동산 상식,"이찬종, 서지원 저",새로운제안
605,회복탄력성,김주환 저,위즈덤하우스
606,해커스톡 여행영어 10분의 기적,해커스 어학연구소 저,해커스어학연구소
607,달러는 왜 비트코인을 싫어하는가,사이페딘 아모스 저/위대선 역,터닝포인트
608,핑크펭귄,"빌 비숍 저 / 안진환 역 / 박재현, 강규형 감수",스노우폭스북스
609,나는 3학년 2반 7번 애벌레,김원아 글/이주희 그림,창비
610,5년 후 나에게 - Q&A a day (오리지널),포터 스타일 저/정지현 역,토네이도
611,삶으로 다시 떠오르기,에크하르트 톨레 저/류시화 역,연금술사
612,세일즈맨의 죽음,아서 밀러 저,민음사
613,어제보다 조금 더 깊이 걸었습니다,김용규 저,디플롯
614,어른의 느슨함,와다 히데키 저/박여원 역,윌마
615,[예스리커버] 내 몸 혁명,박용우 저,루미너스
616,영어회화 핵심패턴 233,백선엽 저,길벗이지톡
617,왜 나는 너를 사랑하는가,알랭 드 보통 저/정영목 역,청미래
618,스토너 초판본,존 윌리엄스 저/김승욱 역,알에이치코리아(RHK)
619,쓰는 인간,롤런드 앨런 저/손성화 역,상상스퀘어
620,리더의 길을 묻다,마쓰시타 고노스케 저/김정환 역,지니의서재
621,Re : 제로부터 시작하는 이세계 생활 38,나가츠키 탓페이 저/오츠카 신이치로 그림,데이즈엔터
622,여름을 부탁해,토마쓰리 글그림,길벗어린이
623,혼자의 시간으로 더 깊어지는 법에 관하여,레누카 가브라니 저/최유경 역,퍼스트펭귄
624,별별 직업 상담소,요시타케 신스케 글그림/권남희 역,주니어김영사
625,교사를 위한 챗GPT 업무활용 99제,최서연 저,테크빌교육
626,배당성장주 투자 불변의 법칙,현영준(한라산불곰) 저,체인지업
627,나는 AI와 공부한다,살만 칸 저/박세연 역,알에이치코리아(RHK)
628,비폭력대화,마셜 로젠버그 저/캐서린 한 역,한국NVC센터
629,느리게 나이 드는 습관,정희원 저,한빛라이프
630,마법의 연금 굴리기,김성일 저,에이지21
631,위기의 역사,오건영 저/안병현 그림,페이지2북스
632,어디 있을까? 숨은그림찾기 1000,레이크 프레스 기획,길벗스쿨
633,당신은 결국 무엇이든 해내는 사람,김상현 저,필름
634,하루 한장 초등 영어 파닉스+발음기호,이문필 저,키즈프렌즈
635,밝은 밤,최은영 저,문학동네
636,말테의 수기,라이너 마리아 릴케 저,민음사
637,어서 오세요! ㄱㄴㄷ 뷔페,최경식 글그림,위즈덤하우스
638,철도교통안전관리자 10일 완성 기출문제집,황승순 저,(주)박영사
639,키위엔 영어회화 하루 5분의 기적,박강준 저,키위엔
640,사나운 독립,"최지현, 서평강, 문유림 저",무제
641,같이 밥 먹고 싶은 아저씨 되는 법,김태균 저,몽스북
642,믹스 MIX 23,아다치 미츠루 글그림,대원
643,이병한의 아메리카 탐문,이병한 저,서해문집
644,팔견전 21,아베 미유키 글그림/Leigh 역,소미미디어
645,5無 교회가 온다,황인권 저,ikp
646,현명한 투자자 1,"벤저민 그레이엄, 이성민 저",국일증권경제연구소
647,사는 동안 틈틈이 행복합시다,박근호 저,히읏
648,경찰 헌법도약 기출문제집,이국령 편저,윌비스
649,변호사 어벤저스 6,고희정 글/최미란 그림/신주영 감수,가나출판사
650,서울대 공대 아빠의 수학 비밀 노트,이창준 저,비타북스(VITABOOKS)
651,시계탕,권정민 글그림,웅진주니어
652,삶이 당신을 사랑한다는 걸 잊지 마세요,달리아 이정현 저,생각의힘
653,꼭 그런 건 아니야,매튜 매커너히 글/르네 쿠릴라 그림/황석희 역,서삼독
654,나의 두 번째 교과서 X 이진우의 다시 만난 경제,이진우 저/EBS 제작팀 기획,페이지2북스
655,흔한남매 과학 탐험대 13 생식과 유전,"흔한남매 원저/김언정, 송은경 글/김덕영 그림/권경아 감수 외 3명
                                        
정보 더 보기/감추기



흔한남매
김언정
송은경
김덕영
권경아
정현철
김희목
최진수",주니어김영사
656,2025 지텔프 공식 기출문제집,시원스쿨어학연구소 저,시원스쿨닷컴
657,해피버쓰데이,백희나 글그림,스토리보울
658,2025 시나공 정보처리기능사 필기 기본서,길벗알앤디 저,길벗
659,2025 이기적 컴퓨터활용능력 2급 필기 기본서,"홍태성, 영진정보연구소 저",영진닷컴
660,달샤베트,백희나 글그림,스토리보울
661,[예스리커버] 나를 소모하지 않는 현명한 태도에 관하여,마티아스 뇔케 저/이미옥 역,퍼스트펭귄
662,해커스 일본어 상용한자 2136,해커스 일본어연구소 저,해커스어학연구소
663,10일 만에 끝내는 해커스 OPIc 오픽 Advanced 공략,해커스 오픽연구소 저,(주)해커스
664,어른의 어휘력,유선경 저,앤의서재
665,당연하게도 나는 너를,이꽃님 저,우리학교
666,주식투자 무작정 따라하기,윤재수 저,길벗
667,"오늘 밤, 세계에서 이 눈물이 사라진다 해도",이치조 미사키 저/김윤경 역,모모
668,군주론,니콜로 마키아벨리 저/김운찬 역,현대지성
669,가재가 노래하는 곳,델리아 오언스 저/김선형 역,살림출판사
670,시장과 가격 쫌 아는 10대,석혜원 저/신병근 그림,풀빛
671,바깥은 여름,김애란 저,문학동네
672,지금 알고 있는 걸 그때도 알았더라면,류시화 편,열림원
673,정확한 사랑의 실험,신형철 저,마음산책
674,Do it! LLM을 활용한 AI 에이전트 개발 입문,이성용 저,이지스퍼블리싱
675,장미와 나이프,히가시노 게이고 저/김윤경 역,반타
676,요즘 디자인을 위한 포토샵 & 일러스트레이터,서영열 저,시프트
677,2025 단기 합격 해커스공기업 NCS 통합 기본서(필수과목+전략과목+모의고사 5회분),"윤종혁, 김소원, 김태형, 복지훈, 최수지 저 외 2명
                                        
정보 더 보기/감추기



윤종혁
김소원
김태형
복지훈
최수지
김동민
해커스 취업교육연구소",해커스공기업
678,2026 시나공 컴퓨터활용능력1급 필기 기본서,길벗알앤디 저,길벗
679,선재국어 독해야 산다 1일 1독,이선재 저,수비니겨
680,광물 전쟁,어니스트 샤이더 저/안혜림 역,위즈덤하우스
681,단다단 17,타츠 유키노부 글그림,대원
682,오가미 츠미키와 기일상 2 트리플 특전판,모리시타 미유 글그림,학산문화사
683,웬만해선 죽을 수 없는 최고령 사교 클럽,클레어 풀리 저/이미영 역,책깃
684,2025 에듀윌 공인중개사 1차 기출응용 예상문제집 민법 및 민사특별법,심정욱 편저,에듀윌
685,퇴마록 국내편 2,이우혁 저,반타
686,가속화 장기투자 법칙,임인홍(오일전문가) 저,길벗
687,빨간내복야코 안 읽으면 완전 위험한 과학책 2,"빨간내복야코 원저/박종은 글/이영아 그림/홍승범, 샌드박스 네트워크 감수",위즈덤하우스
688,비눗방울 퐁,이유리 저,민음사
689,"세상을 보는 눈, 뉴스툰 1 동아시아",뉴스툰 글그림,펜타클
690,찬란한 멸종,이정모 저,다산북스
691,스쳐지나갈 것들로 인생을 채우지 마라,고은미 역,한밤의책
692,몰입 확장판,황농문 저,알에이치코리아(RHK)
693,모모 MOMO,미하엘 엔데 저/한미희 역,비룡소
694,게으른 자를 위한 수상한 화학책,이광렬 저,블랙피쉬
695,해커스 하루 딱! 10분 일본어 일상 단어 (단어장),해커스 일본어연구소 저,해커스어학연구소
696,도둑맞은 집중력,요한 하리 저/김하현 역,어크로스
697,나의 돈 많은 고등학교 친구,송희구 저,서삼독
698,루리 드래곤 1,신도 마사오키 글그림/유유리 역,서울미디어코믹스(서울문화사)
699,사피엔스 : 그래픽 히스토리 Vol.2,유발 하라리 원저/다니엘 카사나브 그림/다비드 반데르묄렝 편/김명주 역,김영사
700,[예스리커버] 프레임,최인철 저,21세기북스
701,차라투스트라는 이렇게 말했다,프리드리히 니체 저/장희창 역,민음사
702,수레바퀴 아래서,헤르만 헤세 저/김이섭 역,민음사
703,이 카피 누가 쓴 거예요?,이태호 저,알에이치코리아(RHK)
704,법의학자 유성호의 유언 노트,유성호 저,21세기북스
705,슈독,필 나이트 저,사회평론
706,TV 애니메이션 SPY×FAMILY 공식 가이드북 MISSION REPORT : 221001-1224,엔도 타츠야 글그림,학산문화사
707,검을 든 꽃 1~4 세트,은소로 저,연담
708,신세기 에반게리온 애장판 7,사다모토 요시유키 글그림,대원
709,가끔씩 툭하고 러시아어로 부끄러워하는 옆자리의 아랴 양 9,SUN SUN SUN 저/모모코 그림/이승원 역,디앤씨미디어(D&C미디어)
710,이재명의 길,박시백 글그림,비아북
711,리와인드 베이커리,범유진 저,슈크림북
712,해외선물 처음공부,김직선 저,이레미디어
713,2025 에듀윌 공인중개사 1차 단원별 기출문제집 민법 및 민사특별법,심정욱 편저,에듀윌
714,프란시스코의 나비,프란시스코 히메네스 저/하정임 역,다른
715,불꽃 수영 대회,신현경 글/노예지 그림,북스그라운드
716,혼자서도 잘하는 첫  한글 쓰기 1,길벗놀이학습연구소 저/김희정 그림,길벗스쿨
717,리얼 이탈리아,"양미석, 김혜지 저",한빛라이프
718,타운하우스,전지영 저,창비
719,고양이 해결사 깜냥 7,홍민정 글/김재희 그림,창비
720,2025 에듀윌 고졸 검정고시 5개년 기출문제집,"김지상, 최주연, 양준성, 이재은, 김샛별 저 외 3명
                                        
정보 더 보기/감추기



김지상
최주연
양준성
이재은
김샛별
김수인
이호영
이제용",에듀윌
721,더 좋은 문장을 쓰고 싶은 당신을 위한 필사책,이주윤 저,빅피시
722,생각이 너무 많은 어른들을 위한 심리학,김혜남 저,메이븐
723,일본어 문법 무작정 따라하기,후지이 아사리 저,길벗이지톡
724,아버지의 해방일지,정지아 저,창비
725,새의 선물,은희경 저,문학동네
726,몬스터 차일드,이재문 글/김지인 그림,사계절
727,레이건 일레븐,폴 켄고르 저 / 조평세 역,열아홉
728,지금 이대로 좋다,법륜 저/박정은 그림,정토출판
729,숨결이 바람 될 때,폴 칼라니티 저/이종인 역,흐름출판
730,할머니의 여름휴가,안녕달 글그림,창비
731,재미있다! 한국사 4,구완회 글,창비
732,2026 해커스공무원 신민숙 쉬운국어 한 권으로 끝,신민숙 편저,해커스공무원
733,인생 녹음 중,인생 녹음 중 저,김영사
734,파쇄,구병모 저,위즈덤하우스
735,파인만의 여섯가지 물리 이야기,리처드 필립 파인만 저/박병철 역,승산
736,스파이 패밀리 노벨라이즈 2,와다 히토미 저/엔도 타츠야 원저,학산문화사
737,여친을 빼앗은 꽃미남 미소녀가 어째선지 나까지 노리고 있다 2,후쿠다 슈토 저/사나다 케이스이 그림/이소정 역,소미미디어
738,학종 시대 서울대 가는 공부 로드맵,진동섭 저,포르체
739,전지적 원어민 시점 보이는 영문법,주지후 저,드림스쿨
740,운의 메커니즘,서태양 저,아우름
741,소맥거핀 특사전 1,소맥거핀 원저/지유리 글/배유정 그림/박한나 감수,샌드박스스토리 키즈
742,어린이는 멀리 간다,김지은 저,창비
743,버럭 할머니와 달평 씨,신민재 그림,책읽는곰
744,최애의 아이 16 특별판,아카사카 아카 글/요코야리 멘고 그림,대원
745,2025 오직 간호대생을 위한 간호사 면접,"주선희, 간호사취업연구소 저",홍지문
746,마흔에 읽는 비트겐슈타인,임재성 저,유노북스
747,백앤아 9,백앤아 원저/지유리 글/돌만 그림,샌드박스스토리 키즈
748,천 번을 부서져도 그대는 여전히 바다다,정상교 저,스몰빅라이프
749,나태한 완벽주의자,피터 홀린스 저/박정은 역,넥서스BIZ
750,미국 주식이 답이다 2026,"장우석, 이항영 저",페이지2북스
751,악마와 함께 춤을,크리스타 K. 토마슨 저/한재호 역,흐름출판
752,빨간내복야코 어린이 상식 1 속담,빨간내복야코 원저/전판교 글/도니패밀리 그림/샌드박스 네트워크 감수,아울북
753,빨간내복야코 안 읽으면 완전 위험한 과학책 1,"빨간내복야코 원저/박종은 글/이영아 그림/홍승범, 샌드박스 네트워크 감수",위즈덤하우스
754,그대는 나의 여름이 되세요,서덕준 저,위즈덤하우스
755,메스를 든 사냥꾼,최이도 저,해피북스투유
756,내가 아직 쓰지 않은 것,최승호 외 저,문학동네
757,[예스리커버] NEW 미꽃체 손글씨 노트,최현미 저,시원북스
758,해커스 토익 실전 1000제 1 RC Reading (리딩) 문제집,해커스 어학연구소 저,해커스어학연구소
759,JLPT(일본어능력시험) 한권으로 끝내기 N5,"이치우, 이한나 저",다락원
760,넛지: 파이널 에디션,"리처드 탈러, 캐스 선스타인 저/이경식 역/최정규 감수",리더스북
761,생각하라 그리고 부자가 되어라,나폴레온 힐 저/빌 하틀리 편/이한이 역,반니
762,부자의 그릇 (블랙 에디션),이즈미 마사토 저/김윤수 역,다산북스
763,노희영의 브랜딩 법칙,노희영 저,21세기북스
764,세상을 따뜻하게 만드는 착한 디자인 이야기,정유리 글/박선하 그림,팜파스
765,"칵테일, 러브, 좀비",조예은 저,안전가옥
766,우리가 빛의 속도로 갈 수 없다면,김초엽 저,허블
767,명상록,마르쿠스 아우렐리우스 저/박문재 역,현대지성
768,지방 대사 켜는 스위치온 다이어트,박용우 저,루미너스
769,읽으면서 바로 써먹는 어린이 속담,한날 글그림,파란정원
770,고래,천명관 저,문학동네
771,손도끼,게리 폴슨 저,사계절
772,아이들의 집,정보라 저,열림원
773,2026 신경향 이동기 공무원 VOCA,(주)이앤미래(이동기) 편저,지금(도서출판)
774,2025 강해준 경찰학 NEW 필기노트,강해준 편저,새시대
775,기획자로 산다는 것,카카 저,길벗
776,세계사를 바꾼 와인 이야기,나이토 히로후미 저/서수지 역,사람과나무사이
777,문해력 격차,"김지원, 민정홍 저",어크로스
778,"결국, 마음에 닿는 건 예쁜 말이다",윤설 저,페이지2북스
779,살롱 드 경성 2,김인혜 저,해냄
780,감량 혁명,김희준 저,메가스터디북스
781,10대를 위한 비트코인과 화폐의 역사,김지훈 글/김혜원 그림,체인지업
782,2026 SO NICE 백소나 소방학개론,백소나 저,더나은
783,격이 다른 마흔의 사소한 차이,클로이 저,딥앤와이드
784,카구라바치 4 더블특전판,호카조노 타케루 글그림,대원
785,케첩 스파게티,라이너 하흐펠트 글/한수진 그림/배명자 역,서교책방
786,교사를 지키는 단단한 학급경영,이종혁 저,테크빌교육
787,이제서야 이해되는 금강경,원영 저,불광출판사
788,딱 맞는 돌을 찾으면,메리 린 레이 글/펠리치타 살라 그림/김세실 역,FIKAJUNIOR(피카주니어)
789,나답게 살고 싶어서 뇌과학을 읽습니다,이케가야 유지 저/김현정 역,포레스트북스
790,현직 교사가 만든 업무자동화를 원하는 교사를 위한 찐 실전 챗GPT 생성형 AI 수업 업무 대혁명 - 1시간 걸리는 일을 단 10분안에 끝내기,"손지선, 양현, 이상경, 박한나, 한솔, 박석경 공저",광문각출판미디어
791,내 마음 다친 줄 모르고 어른이 되었다,김호성 저,온더페이지
792,생각의 도약,도야마 시게히코 저/전경아 역,페이지2북스
793,에그박사 14,에그박사 원저/박송이 글/홍종현 그림/주세종 감수,미래엔아이세움
794,철학의 쓸모,로랑스 드빌레르 저/박효은 역,피카(FIKA)
795,부의 역설,강범구 저,국일미디어
796,큰별쌤과 재미있게 공부하는 초등 한국사능력검정시험,최태성 저,이투스북
797,장수탕 선녀님,백희나 글그림,스토리보울
798,ETS 토익 정기시험 실전 1000 Vol. 1 LC(리스닝),ETS 저,YBM(와이비엠)
799,여름 외투,김은지 저,문학동네
800,이은경쌤의 초등어휘일력 365,이은경 저,포레스트북스
801,해커스 토익 실전 1000제 3 RC Reading (리딩) 문제집,해커스 어학연구소 저,해커스어학연구소
802,해커스 일본어 JLPT N5 (일본어능력시험) 한 권으로 합격,해커스 JLPT 연구소 저,해커스어학연구소
803,공정하다는 착각,마이클 샌델 저/함규진 역,와이즈베리
804,"엄마, 나는 자라고 있어요","헤티 판 더 레이트, 프란스 X. 프로에이, 자비에라 프로에이 저/유영미 역/김수연 감수",북폴리오
805,해커스 토익 스타트 RC Reading (리딩),David Cho 저,해커스어학연구소
806,담을 넘은 아이,김정민 글/이영환 그림,비룡소
807,원칙 PRINCIPLES,레이 달리오 저/고영태 역,한빛비즈
808,생각의 비밀,김승호 저,황금사자
809,바다 100층짜리 집,이와이 도시오 저,북뱅크
810,해리엇,한윤섭 글/서영아 그림,문학동네
811,지뢰 글리코,아오사키 유고 저/김은모 역,리드비(READbie)
812,딸기를 먹을 때는 울지 않기로 해,류라이 저,자크드앙
813,나를 아프게 한 말들이 모두 진실은 아니었다,마르쿠스 아우렐리우스 저/이근오 편,모티브
814,100 인생 그림책,하이케 팔러 저/발레리오 비달리 그림/김서정 역,사계절
815,S 수학도둑 1 : 미스터리한 소년의 등장,"송도수, 여운방 글/서정 엔터테인먼트 그림",서울문화사
816,2025 에듀윌 공인중개사 1차 기출응용 예상문제집 부동산학개론,이영방 편저,에듀윌
817,동공이 약사의 알찬 약국,동공이 약사 저,미래의창
818,2025 이동기 영어 신경향 직전동형 모의고사 Vol.2,(주)이앤미래(이동기) 편저,지금(도서출판)
819,히카루가 죽은 여름 5,모쿠모쿠렌 글그림/송재희 역,디앤씨미디어(D&C미디어)
820,2025 에듀윌 공인중개사 1차 단원별 기출문제집 부동산학개론,이영방 편저,에듀윌
821,아가미 (리커버),구병모 저,위즈덤하우스
822,왜 당신은 다른 사람을 위해 살고 있는가,고윤 저,딥앤와이드
823,이걸 내 마음이라고 하자,황인찬 저,문학동네
824,나미야 잡화점의 기적,히가시노 게이고 저/양윤옥 역,현대문학
825,오백 년째 열다섯,김혜정 저,위즈덤하우스
826,다정한 것이 살아남는다,"브라이언 헤어, 버네사 우즈 저/이민아 역/박한선 감수",디플롯
827,컬러 몬스터,아나 예나스 글그림/김유경 역,청어람아이(청어람미디어)
828,데일 카네기 인간관계론 + 자기관리론 + 성공대화론 (합본),데일 카네기 저/베스트트랜스 역,더스토리
829,지적 대화를 위한 넓고 얕은 지식 제로,채사장 저,웨일북
830,일본어 잘하고 싶을 땐 다락원 독학 첫걸음,정의상 저,다락원
831,바르톨로메는 개가 아니다,라헐 판 코에이 저/박종대 역,사계절
832,해가 지는 곳으로,최진영 저,민음사
833,종의 기원,정유정 저,은행나무
834,커서 AI로 나만의 수익형 앱 서비스 만들기,빈센트 저,루비페이퍼
835,의젓한 사람들,김지수 저,양양하다
836,노화 해방,장 마르크 르메트르 저/김모 역/정희원 감수,21세기북스
837,일억 번째 여름,청예 저,창비
838,나태주의 풀꽃 인생수업,나태주 저,니들북
839,월 50만 원으로 8억 만드는 배당머신,"평온, 김지형 저",이나우스북스
840,아주 희미한 빛으로도,최은영 저,문학동네
841,인간 본성의 법칙,로버트 그린 저/이지연 역,위즈덤하우스
842,나는 0원으로 강남 건물주보다 월세 많이 받는 온라인 건물주로 산다,알파남(김지수) 저,타이탄북스
843,밤폭풍에 웃는다 3,츠츠이 이츠키 글그림/최신영 역,AK(에이케이 커뮤니케이션즈)
844,SM 백합 XX 앤솔로지,시이츠키 쿠로 등저,조은세상
845,2025 재경관리사 기출문제집,삼일회계법인 저,삼일인포마인
846,백만장자 알고리즘,앤 마리 사바스 저/김미정 역,레디투다이브
847,만화 나 혼자만 레벨업 14 한정판,추공 원저/장성락(REDICE STUDIO) 글그림,디앤씨웹툰비즈
848,AI 텐베거 투자,이형수 저,지베르니
849,타인에게 기대하지 않는 삶을 위한 안내서,외르크 베르나르디 저/이덕임 역,필름
850,"삶의 실력, 장자",최진석 저,위즈덤하우스
851,퇴마록 소장판 전권 세트,이우혁 저,반타
852,이상한 집 2,우케쓰 저/김은모 역,리드비(READbie)
853,만성질환 자연치료 식이요법 갭스 (GAPS diet),"나타샤 캠벨 저/남용현, 이경언 역",겸엑스
854,2025 단계별기출 핵심지문 박철한 경찰헌법 OX 시즌 3,박철한 편저,법률저널
855,말투만 바꿨을 뿐인데,김민성 저,프로파일러 북스
856,나는 왜 남들보다 쉽게 지칠까,최재훈 저,서스테인
857,읽으면서 바로 써먹는 어린이 감정 표현,한날 글그림,파란정원
858,"돈, 뜨겁게 사랑하고 차갑게 다루어라",앙드레 코스톨라니 저/한윤진 역,미래의창
859,최민준의 아들코칭 백과,최민준 저,위즈덤하우스
860,건전지 엄마,"강인숙, 전승배 글그림",창비
861,아비투스,도리스 메르틴 저/배명자 역,다산초당
862,아직도 가야 할 길,M.스캇 펙 저/최미양 역,율리시즈
863,어린이희곡 노잣돈 갚기 프로젝트,김진희 원저/최기우 편,문학동네
864,두선생의 지도로 읽는 세계사 : 서양 편,한영준 저,21세기북스
865,부의 인문학 (20만부 기념 개정증보판),브라운스톤(우석) 저,오픈마인드
866,"어서 오세요, 휴남동 서점입니다",황보름 저,클레이하우스
867,ETS 토익 정기시험 기출입문서 LC 리스닝,ETS 저,YBM(와이비엠)
868,팥빙수의 전설,이지은 글그림,웅진주니어
869,스크루테이프의 편지,C. S. 루이스 저/김선형 역,홍성사
870,슬픔을 공부하는 슬픔,신형철 저,한겨레출판
871,재미있다! 한국사 5,구완회 글,창비
872,누구를 구할 것인가?,토머스 캐스카트 저/노승영 역,문학동네
873,프린들 주세요,앤드루 클레먼츠 글/햇살과나무꾼 역,사계절
874,왼손에게,한지원 글그림,사계절
875,2025 유휘운 행정법총론 실전동형 모의고사,유휘운 저,메가공무원(넥스트스터디)
876,기꺼이 소란하고 다정하기로 해,조수연 저,코리아닷컴(Korea.com)
877,어떻게 극단적 소수가 다수를 지배하는가,"스티븐 레비츠키, 대니얼 지블랫 저/박세연 역",어크로스
878,탁주쪼꼬 과학 레벨 업 2,탁주쪼꼬 원저/서후 글/임혜영 그림/김희목 감수,주니어김영사
879,"코믹 남녀의 우정은 성립할까? (아니, 하지 않아!!) 1",나나나 나나 원저/Kamelie 글그림,소미미디어
880,비밀 THE TOP SECRET season0 (12),시미즈 레이코 글그림/오경화 역,서울미디어코믹스(서울문화사)
881,고블린 슬레이어 외전 2 : 악명의 태도 下,카규 쿠모 저/박경용 역,디앤씨미디어(D&C미디어)
882,넥스트 액터 최현욱,백은하 저,백은하배우연구소
883,사카모토 홀리데이즈 1 특별판,스즈키 유우토 원저/오오카와 테츠 글그림,대원
884,2025 에듀윌 TESAT 회차별 기출문제집+무료특강,"조시현, 고병규, 손기준, 김상헌 편저",에듀윌
885,사람을 융합하라,한의상 저,경향신문사
886,중학 생활이 쉬워지는 초등 만능 문해력 전과,김선호 글,곰세마리
887,2025 주택과 세금,국세청 부동산납세과 저,동원피엔지
888,지금 이 순간을 살아라,"에크하르트 톨레 저/노혜숙, 유영일 역",양문
889,이재명에 관하여,김민석 저,메디치미디어
890,4×4의 세계,조우리 글 / 노인경 그림,창비
891,나는 보았습니다,박진여 저,김영사
892,말하고 싶은 비밀 Vol.3,사쿠라 이이요 저/김윤경 역,모모
893,심장보다 단단한 토마토 한 알,고선경 저,열림원
894,리얼 오사카 : 교토 고베 나라,"황성민, 정현미 저",한빛라이프
895,주아쌤의 툭 치면 탁 나오는 영어회화 (해외 여행 에디션),이정은 저,몽스북
896,푸른 사자 와니니 7,이현 글/오윤화 그림,창비
897,처음 읽는 그리스 로마 신화 12,최설희 글/한현동 그림/정수영 편,미래엔아이세움
898,백년목1 진단편,정선근 저,언탱글링
899,홀썸의 집밥 예찬,홀썸모먼트 저,다산라이프
900,이반 일리치의 죽음,레프 톨스토이 저/김연경 역,민음사
901,날씨가 좋으면 찾아가겠어요,이도우 저,수박설탕
902,"암호명, 래빗",김미숙 글/이명환 그림,현암주니어
903,최강록의 요리 노트,최강록 저,클
904,ETS 토익 정기시험 실전 1000 Vol. 1 RC(리딩),ETS 저,YBM(와이비엠)
905,역행자 확장판,자청 저,웅진지식하우스
906,해커스 토익 실전 1000제 1 LC Listening (리스닝) 문제집,해커스 어학연구소 저,해커스어학연구소
907,이상한 집,우케쓰 저/김은모 역,리드비(READbie)
908,ETS 토익 정기시험 기출입문서 RC 리딩,ETS 저,YBM(와이비엠)
909,지구 끝의 온실,김초엽 저,자이언트북스
910,오늘은 아무래도 덮밥,이마이 료 저/이진숙 역,참돌
911,백년운동,정선근 저,아티잔
912,10대를 위한 JUSTICE 정의란 무엇인가,마이클 샌델 원저/신현주 글/조혜진 그림/김선욱 감수,미래엔아이세움
913,100층짜리 집,이와이 도시오 저/김숙 역,북뱅크
914,눈물 상자,한강 저/봄로야 그림,문학동네
915,달콤 쌉싸름한 초콜릿,라우라 에스키벨 저/권미선 역,민음사
916,거꾸로 읽는 교회사,최종원 저,복있는사람
917,유치원WARS 13,You Chiba 글그림/김수연 역,서울미디어코믹스(서울문화사)
918,Holoearth Chronicle Side : E 야마토 가상괴이담 1~2 합본판,커버 주식회사 원저/쿠로세 코스케 글그림/박경용 역,디앤씨미디어(D&C미디어)
919,록은 숙녀의 소양이기에 6,후쿠다 히로시 글그림,대원
920,옆자리의 양아치 시미즈 씨가 머리를 까맣게 염색해 왔다 3,테이카 저/하무 그림/조기 역,AK(에이케이 커뮤니케이션즈)
921,추락 여고생과 폐인 교사 19,소라 글그림,학산문화사
922,북두의 권 신장판 10,부론슨 원저/하라 테츠오 글그림,학산문화사
923,시대의 목격자들,김도균 저,미다스북스(리틀미다스)
924,드래곤 퀘스트 다이의 대모험 -용사 아방과 옥염의 마왕- 9,산조 리쿠 원저/시바타 유사쿠 글그림,대원
925,에이지테크(AgeTech),김영선 저,kmac
926,무엇도 홀로 존재하지 않는다,카를로 로벨리 저/김정훈 역,쌤앤파커스
927,역사의 쓸모 (특별 합본판),최태성 저,프런트페이지
928,AI로 7일 만에 사업 시작하기,김다솔 저,길벗
929,룬의 아이들 - 블러디드 8,전민희 저,엘릭시르
930,만화로 배우는 영어 구동사,김도균 저,시대에듀
931,지리의 힘 3,팀 마샬 저/윤영호 역,사이
932,플팩의 상급지로 가는 대출력,플팩(강연옥) 저,한국경제신문
933,실리콘밸리 프로세스의 힘,신재은 저,더퀘스트
934,2025 수제비 정보처리기사 실기 FINAL 실전 모의고사,"윤영빈, 서용욱, 김학배, 박인상 저",건기원
935,열혈강호 92,전극진 글/양재현 그림,대원
936,불량한 자전거 여행,김남중 저/허태준 그림,창비
937,멜로우TV 2 : 어쩌다 게임 오버?!,멜로우 TV 원저/한바리 글/차차 그림,학산문화사(단행본)
938,GO! 독학 스페인어 첫걸음,조혜진 저/Pedro Pombo 감수,시원스쿨닷컴
939,해리 포터와 마법사의 돌 1,J.K. 롤링 저/강동혁 역,문학수첩
940,만화 나 혼자만 레벨업 13,추공 원저/장성락(REDICE STUDIO) 글그림,디앤씨웹툰비즈
941,린치핀,세스 고딘 저/윤영삼 역,필름
942,가난한 찰리의 연감,찰리 멍거 저/김태훈 역/피터 코프먼 기획,김영사
943,2025 에듀윌 취업 공기업기출 일반상식,에듀윌상식연구소 편저,에듀윌
944,원피스 ONE PIECE 109,오다 에이이치로 글그림,대원
945,나는 미국 월배당 ETF로 40대에 은퇴한다,최영민 저,지음미디어
946,2025 이기적 컴퓨터활용능력 2급 실기 기본서,박윤정 저,영진닷컴
947,가시고기,조창인 저,산지
948,흐르는 강물처럼,셸리 리드 저/김보람 역,다산책방
949,오픽노잼,오픽노잼 저,PAGODA Books
950,사과는 이렇게 하는 거야,데이비드 라로셀 글/마이크 우누트카 그림/이다랑 역,블루밍제이
951,해커스일본어 JLPT 일본어능력시험 실전모의고사 N2 (5회분),해커스 JLPT 연구소 저,해커스어학연구소
952,이어령의 마지막 수업,"김지수, 이어령 저",열림원
953,JLPT(일본어능력시험) 한권으로 끝내기 N4,"이치우, 이한나 저",다락원
954,건전지 아빠,"전승배, 강인숙 글그림",창비
955,해커스 토익 스타트 LC Listening (리스닝),David Cho 저,해커스어학연구소
956,수급단타왕 수급매매 절대비기,고명환 저,메가스터디북스
957,연필 스케치,권영애 저,미진사
958,카타리나 블룸의 잃어버린 명예,하인리히 뵐 저,민음사
959,연인,마르그리트 뒤라스 저/김인환 역,민음사
960,2026 심승아 Simtail 심플디테일 소방학개론,심승아 저,메가공무원(넥스트스터디)
961,알사탕 제조법,백희나 글그림,스토리보울
962,구름빵,백희나 저,한솔수북
963,호흡 리셋,신효상 저,이덴슬리벨(EAT&SLEEPWELL)
964,일단 떠나는 수밖에,김남희 저,수오서재
965,우주항공 투자의 시대가 온다,"하인환, 한유건, 김지우 저",위너스북
966,나는 나로 살기로 했다 (영미권 출간기념 특별판),김수현 글그림,클레이하우스
967,2025 2차 대비 강해준 경찰학 전범위 모의고사,강해준 편저,새시대
968,에반게리온 ANIMA 1,야마시타 이쿠토 글그림,대원
969,서아쌤의 토익 비밀과외 START,"최서아, 시원스쿨어학연구소 저",시원스쿨닷컴
970,북두의 권 신장판 9,부론슨 원저/하라 테츠오 글그림,학산문화사
971,쓰레기 기둥서방 하나 군은 죽고 싶어 해 1,아메코 글그림,대원
972,마도정병의 슬레이브 17,타카히로 원저/타케무라 요헤이 글그림,대원
973,핸즈온 LLM,"제이 알아마르, 마르턴 흐루턴도르스트 저/박해선 역",한빛미디어
974,애리의 인생 레시피,장애리 저,겸엑스
975,회복탄력성의 뇌과학,아디티 네루카 저/박미경 역,현대지성
976,2026 SO NICE 백소나 소방관계법규 1,백소나 저,더나은
977,천근아의 느린 아이 부모 수업,천근아 저,웅진지식하우스
978,소설 보다: 봄 2025,"강보라, 성해나, 윤단 저",문학과지성사
979,안쌤의 일렉기타 나무숲,안규호 저,삼호ETM
980,어른을 위한 고전의 숲,강경희 저,포레스트북스
981,너구리 라면 가게,최설희 글/김덕영 그림,다산어린이
982,2025 프로야구 가이드북,"나유리, 조은혜, 이종서, 윤승재, 김현세 저",브레인스토어(BRAINstore)
983,그 개와 혁명,"예소연, 김기태, 문지혁, 서장원, 정기현 저 외 1명
                                        
정보 더 보기/감추기



예소연
김기태
문지혁
서장원
정기현
최민우",다산책방
984,아이의 행동이 저절로 바뀌는 훈육의 정석,김보경 저,빅피시
985,위풍당당 여우 꼬리 6,손원평 글/만물상 그림,창비
986,소득혁명,브라이언 페이지 저/김정혜 역,서삼독
987,한강 스페셜 에디션,한강 저,문학동네
988,존재의 역사,팀 콜슨 저/이진구 역,오픈도어북스
989,해리 포터와 마법사의 돌 2,J.K. 롤링 저/강동혁 역,문학수첩
990,2025 에듀윌 위험물산업기사 필기 2주끝장 [이론편+기출문제편],최창률 편저,에듀윌
991,팩트풀니스,"안나 로슬링 뢴룬드, 올라 로슬링, 한스 로슬링 공저/이창신 역",김영사
992,일류의 조건,사이토 다카시 저/정현 역,필름
993,스테이블코인,박예신 저,더난출판사
994,오십에 읽는 주역,강기진 저,유노북스
995,이은경쌤의 사자성어 속담 일력 365,이은경 저,포레스트북스
996,요즘 어른을 위한 최소한의 세계사,임소미 저/김봉중 감수,빅피시
997,달러 투자 무작정 따라하기,박성현 저,길벗
998,우리아이 꼭 지켜줄게,김용준 저,물맷돌
999,결혼·여름,알베르 까뮈 저/장소미 역,녹색광선
1000,오백 년째 열다섯 2,김혜정 저,위즈덤하우스